JRV,PRESJRV
NA,NA
HN.5.1.1.38.3620_DIP,HN.5.1.1.38.3620
HN.5.1.1.38.3621_DIP,HN.5.1.1.38.3621
HN.5.1.1.38.3625_DIP,HN.5.1.1.38.3625
HN.5.1.1.38.3626_DIP,HN.5.1.1.38.3626
HN.5.1.1.38.3627_DIP,HN.5.1.1.38.3627
HN.5.1.1.38.3628_DIP,HN.5.1.1.38.3628
HN.5.1.1.38.3629_DIP,HN.5.1.1.38.3629
HN.5.1.1.254.4518_DIP,HN.5.1.1.254.4518
HN.5.1.1.254.4519_DIP,HN.5.1.1.254.4519
HN.5.1.1.254.4520_DIP,HN.5.1.1.254.4520
HN.5.1.1.254.4521_DIP,HN.5.1.1.254.4521
HN.5.1.1.254.4522_DIP,HN.5.1.1.254.4522
HN.5.1.1.254.4523_DIP,HN.5.1.1.254.4523
NA,NA
HN.5.1.1.254.4525_DIP,HN.5.1.1.254.4525
HN.5.1.1.254.4526_DIP,HN.5.1.1.254.4526
HN.5.1.1.254.4527_DIP,HN.5.1.1.254.4527
HN.5.1.1.254.4528_DIP,HN.5.1.1.254.4528
HN.5.1.1.254.4529_DIP,HN.5.1.1.254.4529
HN.5.1.1.254.4530_DIP,HN.5.1.1.254.4530
HN.5.1.1.254.4531_DIP,HN.5.1.1.254.4531
HN.5.1.1.254.4532_DIP,HN.5.1.1.254.4532
HN.5.1.1.254.4533_DIP,HN.5.1.1.254.4533
HN.5.1.1.254.4534_DIP,HN.5.1.1.254.4534
NA,NA
NA,NA
HN.5.1.1.254.4537_DIP,HN.5.1.1.254.4537
HN.5.1.1.254.4538_DIP,HN.5.1.1.254.4538
HN.5.1.1.254.4539_DIP,HN.5.1.1.254.4539
HN.5.1.1.254.4540_DIP,HN.5.1.1.254.4540
HN.5.1.1.254.4541_DIP,HN.5.1.1.254.4541
HN.5.1.1.254.4542_DIP,HN.5.1.1.254.4542
NA,NA
HN.5.1.1.254.4544_DIP,HN.5.1.1.254.4544
HN.5.1.1.254.4545_DIP,HN.5.1.1.254.4545
NA,NA
NA,NA
NA,NA
HN.5.1.1.296.4671_DIP,HN.5.1.1.296.4671
HN.5.1.1.296.4672_DIP,HN.5.1.1.296.4672
NA,NA
HN.5.1.1.67.3742_DIP,HN.5.1.1.67.3742
NA,NA
HN.5.1.1.67.3744_DIP,HN.5.1.1.67.3744
HN.5.1.1.67.3745_DIP,HN.5.1.1.67.3745
HN.5.1.1.67.3746_DIP,HN.5.1.1.67.3746
NA,NA
HN.5.1.1.67.3748_DIP,HN.5.1.1.67.3748
NA,NA
NA,NA
HN.5.1.1.67.3751_DIP,HN.5.1.1.67.3751
HN.5.1.1.67.3752_DIP,HN.5.1.1.67.3752
HN.5.1.1.67.3753_DIP,HN.5.1.1.67.3753
HN.5.1.1.67.3754_DIP,HN.5.1.1.67.3754
NA,NA
NA,NA
HN.5.1.1.67.3757_DIP,HN.5.1.1.67.3757
HN.5.1.1.67.3758_DIP,HN.5.1.1.67.3758
HN.5.1.1.67.3759_DIP,HN.5.1.1.67.3759
HN.5.1.1.67.3760_DIP,HN.5.1.1.67.3760
NA,NA
NA,NA
HN.5.1.1.67.3763_DIP,HN.5.1.1.67.3763
HN.5.1.1.67.3764_DIP,HN.5.1.1.67.3764
HN.5.1.1.67.3765_DIP,HN.5.1.1.67.3765
HN.5.1.1.67.3766_DIP,HN.5.1.1.67.3766
NA,NA
NA,NA
HN.5.1.1.67.3769_DIP,HN.5.1.1.67.3769
NA,NA
HN.5.1.1.145.4020_DIP,HN.5.1.1.145.4020
HN.5.1.1.145.4021_DIP,HN.5.1.1.145.4021
NA,NA
HN.5.1.1.145.4023_DIP,HN.5.1.1.145.4023
NA,NA
HN.5.1.1.145.4025_DIP,HN.5.1.1.145.4025
HN.5.1.1.145.4026_DIP,HN.5.1.1.145.4026
HN.5.1.1.145.4027_DIP,HN.5.1.1.145.4027
NA,NA
HN.5.1.1.145.4029_DIP,HN.5.1.1.145.4029
HN.5.1.1.144.3984_DIP,HN.5.1.1.144.3984
NA,NA
HN.5.1.1.144.3986_DIP,HN.5.1.1.144.3986
NA,NA
NA,NA
NA,NA
HN.5.1.1.144.3990_DIP,HN.5.1.1.144.3990
HN.5.1.1.144.3991_DIP,HN.5.1.1.144.3991
HN.5.1.1.144.3992_DIP,HN.5.1.1.144.3992
HN.5.1.1.144.3993_DIP,HN.5.1.1.144.3993
HN.5.1.1.144.3994_DIP,HN.5.1.1.144.3994
NA,NA
HN.5.1.1.144.3996_DIP,HN.5.1.1.144.3996
HN.5.1.1.144.3997_DIP,HN.5.1.1.144.3997
NA,NA
HN.5.1.1.144.3999_DIP,HN.5.1.1.144.3999
HN.5.1.1.144.4000_DIP,HN.5.1.1.144.4000
HN.5.1.1.144.4001_DIP,HN.5.1.1.144.4001
HN.5.1.1.144.4002_DIP,HN.5.1.1.144.4002
HN.5.1.1.144.4003_DIP,HN.5.1.1.144.4003
NA,NA
HN.5.1.1.144.4005_DIP,HN.5.1.1.144.4005
HN.5.1.1.144.4006_DIP,HN.5.1.1.144.4006
NA,NA
HN.5.1.1.144.4008_DIP,HN.5.1.1.144.4008
NA,NA
HN.5.1.1.144.4010_DIP,HN.5.1.1.144.4010
NA,NA
NA,NA
HN.5.1.1.144.4013_DIP,HN.5.1.1.144.4013
HN.5.1.1.144.4014_DIP,HN.5.1.1.144.4014
HN.5.1.1.144.4015_DIP,HN.5.1.1.144.4015
NA,NA
HN.5.1.1.144.4017_DIP,HN.5.1.1.144.4017
HN.5.1.1.144.4018_DIP,HN.5.1.1.144.4018
HN.5.1.1.150.4030_DIP,HN.5.1.1.150.4030
HN.5.1.1.150.4031_DIP,HN.5.1.1.150.4031
HN.5.1.1.150.4032_DIP,HN.5.1.1.150.4032
HN.5.1.1.150.4033_DIP,HN.5.1.1.150.4033
HN.5.1.1.150.4034_DIP,HN.5.1.1.150.4034
HN.5.1.1.150.4035_DIP,HN.5.1.1.150.4035
HN.5.1.1.150.4036_DIP,HN.5.1.1.150.4036
HN.5.1.1.150.4037_DIP,HN.5.1.1.150.4037
HN.5.1.1.150.4038_DIP,HN.5.1.1.150.4038
HN.5.1.1.150.4039_DIP,HN.5.1.1.150.4039
HN.5.1.1.150.4040_DIP,HN.5.1.1.150.4040
HN.5.1.1.150.4041_DIP,HN.5.1.1.150.4041
HN.5.1.1.150.4042_DIP,HN.5.1.1.150.4042
HN.5.1.1.150.4043_DIP,HN.5.1.1.150.4043
HN.5.1.1.150.4044_DIP,HN.5.1.1.150.4044
HN.5.1.1.150.4045_DIP,HN.5.1.1.150.4045
HN.5.1.1.150.4046_DIP,HN.5.1.1.150.4046
HN.5.1.1.150.4047_DIP,HN.5.1.1.150.4047
NA,NA
HN.5.1.1.150.4049_DIP,HN.5.1.1.150.4049
HN.5.1.1.150.4050_DIP,HN.5.1.1.150.4050
HN.5.1.1.150.4051_DIP,HN.5.1.1.150.4051
HN.5.1.1.150.4052_DIP,HN.5.1.1.150.4052
HN.5.1.1.150.4053_DIP,HN.5.1.1.150.4053
HN.5.1.1.150.4054_DIP,HN.5.1.1.150.4054
HN.5.1.1.150.4055_DIP,HN.5.1.1.150.4055
HN.5.1.1.275.4599_DIP,HN.5.1.1.275.4599
HN.5.1.1.275.4600_DIP,HN.5.1.1.275.4600
NA,NA
HN.5.1.1.275.4602_DIP,HN.5.1.1.275.4602
HN.5.1.1.275.4603_DIP,HN.5.1.1.275.4603
HN.5.1.1.275.4604_DIP,HN.5.1.1.275.4604
HN.5.1.1.275.4605_DIP,HN.5.1.1.275.4605
HN.5.1.1.275.4606_DIP,HN.5.1.1.275.4606
NA,NA
HN.5.1.1.275.4608_DIP,HN.5.1.1.275.4608
NA,NA
HN.5.1.1.275.4610_DIP,HN.5.1.1.275.4610
HN.5.1.1.275.4611_DIP,HN.5.1.1.275.4611
HN.5.1.1.275.4612_DIP,HN.5.1.1.275.4612
HN.5.1.1.275.4613_DIP,HN.5.1.1.275.4613
HN.5.1.1.275.4614_DIP,HN.5.1.1.275.4614
HN.5.1.1.275.4615_DIP,HN.5.1.1.275.4615
HN.5.1.1.275.4616_DIP,HN.5.1.1.275.4616
NA,NA
HN.5.1.1.275.4618_DIP,HN.5.1.1.275.4618
NA,NA
NA,NA
HN.5.1.1.116.3886_DIP,HN.5.1.1.116.3886
HN.5.1.1.116.3887_DIP,HN.5.1.1.116.3887
NA,NA
NA,NA
HN.5.1.1.116.3890_DIP,HN.5.1.1.116.3890
NA,NA
HN.5.1.1.116.3892_DIP,HN.5.1.1.116.3892
NA,NA
HN.5.1.1.86.3807_DIP,HN.5.1.1.86.3807
NA,NA
HN.5.1.1.34.3600_DIP,HN.5.1.1.34.3600
HN.5.1.1.34.3601_DIP,HN.5.1.1.34.3601
HN.5.1.1.34.3602_DIP,HN.5.1.1.34.3602
HN.5.1.1.34.3603_DIP,HN.5.1.1.34.3603
HN.5.1.1.34.3604_DIP,HN.5.1.1.34.3604
HN.5.1.1.34.3605_DIP,HN.5.1.1.34.3605
HN.5.1.1.34.3606_DIP,HN.5.1.1.34.3606
NA,NA
NA,NA
HN.5.1.1.62.3713_DIP,HN.5.1.1.62.3713
HN.5.1.1.62.3714_DIP,HN.5.1.1.62.3714
HN.5.1.1.62.3715_DIP,HN.5.1.1.62.3715
NA,NA
NA,NA
HN.5.1.1.62.3718_DIP,HN.5.1.1.62.3718
HN.5.1.1.62.3719_DIP,HN.5.1.1.62.3719
HN.5.1.1.62.3720_DIP,HN.5.1.1.62.3720
NA,NA
NA,NA
HN.5.1.1.62.3723_DIP,HN.5.1.1.62.3723
HN.5.1.1.62.3724_DIP,HN.5.1.1.62.3724
NA,NA
HN.5.1.1.62.3726_DIP,HN.5.1.1.62.3726
HN.5.1.1.156.4056_DIP,HN.5.1.1.156.4056
HN.5.1.1.156.4057_DIP,HN.5.1.1.156.4057
HN.5.1.1.156.4058_DIP,HN.5.1.1.156.4058
HN.5.1.1.156.4059_DIP,HN.5.1.1.156.4059
HN.5.1.1.156.4060_DIP,HN.5.1.1.156.4060
HN.5.1.1.156.4061_DIP,HN.5.1.1.156.4061
HN.5.1.1.156.4062_DIP,HN.5.1.1.156.4062
NA,NA
HN.5.1.1.156.4064_DIP,HN.5.1.1.156.4064
NA,NA
HN.5.1.1.156.4066_DIP,HN.5.1.1.156.4066
HN.5.1.1.156.4067_DIP,HN.5.1.1.156.4067
NA,NA
HN.5.1.1.156.4069_DIP,HN.5.1.1.156.4069
HN.5.1.1.156.4070_DIP,HN.5.1.1.156.4070
NA,NA
HN.5.1.1.115.3881_DIP,HN.5.1.1.115.3881
HN.5.1.1.115.3882_DIP,HN.5.1.1.115.3882
HN.5.1.1.115.3883_DIP,HN.5.1.1.115.3883
HN.5.1.1.122.3907_DIP,HN.5.1.1.122.3907
HN.5.1.1.122.3908_DIP,HN.5.1.1.122.3908
HN.5.1.1.122.3909_DIP,HN.5.1.1.122.3909
NA,NA
NA,NA
HN.5.1.1.122.3912_DIP,HN.5.1.1.122.3912
HN.5.1.1.122.3913_DIP,HN.5.1.1.122.3913
HN.5.1.1.122.3914_DIP,HN.5.1.1.122.3914
HN.5.1.1.122.3915_DIP,HN.5.1.1.122.3915
HN.5.1.1.122.3916_DIP,HN.5.1.1.122.3916
HN.5.1.1.122.3917_DIP,HN.5.1.1.122.3917
NA,NA
HN.5.1.1.122.3919_DIP,HN.5.1.1.122.3919
HN.5.1.1.312.4736_DIP,HN.5.1.1.312.4736
HN.5.1.1.312.4737_DIP,HN.5.1.1.312.4737
NA,NA
NA,NA
HN.5.1.1.312.4740_DIP,HN.5.1.1.312.4740
HN.5.1.1.312.4741_DIP,HN.5.1.1.312.4741
HN.5.1.1.312.4742_DIP,HN.5.1.1.312.4742
HN.5.1.1.312.4743_DIP,HN.5.1.1.312.4743
HN.5.1.1.312.4744_DIP,HN.5.1.1.312.4744
HN.5.1.1.312.4745_DIP,HN.5.1.1.312.4745
NA,NA
HN.5.1.1.312.4747_DIP,HN.5.1.1.312.4747
HN.5.1.1.312.4748_DIP,HN.5.1.1.312.4748
HN.5.1.1.312.4749_DIP,HN.5.1.1.312.4749
HN.5.1.1.312.4750_DIP,HN.5.1.1.312.4750
NA,NA
HN.5.1.1.312.4752_DIP,HN.5.1.1.312.4752
NA,NA
HN.5.1.1.312.4754_DIP,HN.5.1.1.312.4754
HN.5.1.1.312.4755_DIP,HN.5.1.1.312.4755
NA,NA
NA,NA
NA,NA
HN.5.1.1.312.4759_DIP,HN.5.1.1.312.4759
HN.5.1.1.312.4760_DIP,HN.5.1.1.312.4760
NA,NA
NA,NA
NA,NA
NA,NA
NA,NA
HN.5.1.1.312.4766_DIP,HN.5.1.1.312.4766
HN.5.1.1.312.4767_DIP,HN.5.1.1.312.4767
NA,NA
NA,NA
NA,NA
HN.5.1.1.312.4771_DIP,HN.5.1.1.312.4771
HN.5.1.1.312.4772_DIP,HN.5.1.1.312.4772
NA,NA
HN.5.1.1.312.4774_DIP,HN.5.1.1.312.4774
HN.5.1.1.312.4775_DIP,HN.5.1.1.312.4775
NA,NA
HN.5.1.1.312.4777_DIP,HN.5.1.1.312.4777
HN.5.1.1.312.4778_DIP,HN.5.1.1.312.4778
HN.5.1.1.312.4779_DIP,HN.5.1.1.312.4779
HN.5.1.1.39.3630_DIP,HN.5.1.1.39.3630
HN.5.1.1.39.3631_DIP,HN.5.1.1.39.3631
HN.5.1.1.39.3632_DIP,HN.5.1.1.39.3632
NA,NA
HN.5.1.1.39.3634_DIP,HN.5.1.1.39.3634
HN.5.1.1.39.3635_DIP,HN.5.1.1.39.3635
HN.5.1.1.39.3636_DIP,HN.5.1.1.39.3636
HN.5.1.1.39.3637_DIP,HN.5.1.1.39.3637
HN.5.1.1.39.3638_DIP,HN.5.1.1.39.3638
NA,NA
NA,NA
HN.5.1.1.119.3894_DIP,HN.5.1.1.119.3894
HN.5.1.1.119.3895_DIP,HN.5.1.1.119.3895
HN.5.1.1.119.3896_DIP,HN.5.1.1.119.3896
HN.5.1.1.119.3897_DIP,HN.5.1.1.119.3897
NA,NA
HN.5.1.1.119.3899_DIP,HN.5.1.1.119.3899
HN.5.1.1.119.3900_DIP,HN.5.1.1.119.3900
HN.5.1.1.119.3901_DIP,HN.5.1.1.119.3901
HN.5.1.1.119.3902_DIP,HN.5.1.1.119.3902
HN.5.1.1.119.3903_DIP,HN.5.1.1.119.3903
HN.5.1.1.119.3904_DIP,HN.5.1.1.119.3904
HN.5.1.1.119.3905_DIP,HN.5.1.1.119.3905
NA,NA
HN.5.1.1.83.3799_DIP,HN.5.1.1.83.3799
HN.5.1.1.83.3800_DIP,HN.5.1.1.83.3800
HN.5.1.1.83.3801_DIP,HN.5.1.1.83.3801
NA,NA
NA,NA
NA,NA
NA,NA
NA,NA
HN.5.1.1.111.3874_DIP,HN.5.1.1.111.3874
NA,NA
NA,NA
HN.5.1.1.111.3877_DIP,HN.5.1.1.111.3877
NA,NA
NA,NA
HN.5.1.1.111.3880_DIP,HN.5.1.1.111.3880
NA,NA
HN.5.1.1.236.4432_DIP,HN.5.1.1.236.4432
HN.5.1.1.236.4433_DIP,HN.5.1.1.236.4433
HN.5.1.1.236.4434_DIP,HN.5.1.1.236.4434
HN.5.1.1.236.4435_DIP,HN.5.1.1.236.4435
HN.5.1.1.236.4436_DIP,HN.5.1.1.236.4436
NA,NA
NA,NA
NA,NA
NA,NA
HN.5.1.1.236.4441_DIP,HN.5.1.1.236.4441
HN.5.1.1.236.4442_DIP,HN.5.1.1.236.4442
NA,NA
HN.5.1.1.236.4444_DIP,HN.5.1.1.236.4444
NA,NA
HN.5.1.1.236.4446_DIP,HN.5.1.1.236.4446
HN.5.1.1.332.4814_DIP,HN.5.1.1.332.4814
NA,NA
NA,NA
HN.5.1.1.135.3972_DIP,HN.5.1.1.135.3972
HN.5.1.1.135.3973_DIP,HN.5.1.1.135.3973
HN.5.1.1.135.3974_DIP,HN.5.1.1.135.3974
HN.5.1.1.135.3975_DIP,HN.5.1.1.135.3975
HN.5.1.1.135.3976_DIP,HN.5.1.1.135.3976
NA,NA
HN.5.1.1.135.3978_DIP,HN.5.1.1.135.3978
HN.5.1.1.135.3979_DIP,HN.5.1.1.135.3979
HN.5.1.1.135.3980_DIP,HN.5.1.1.135.3980
HN.5.1.1.88.3809_DIP,HN.5.1.1.88.3809
HN.5.1.1.88.3810_DIP,HN.5.1.1.88.3810
HN.5.1.1.88.3811_DIP,HN.5.1.1.88.3811
HN.5.1.1.88.3812_DIP,HN.5.1.1.88.3812
HN.5.1.1.130.3929_DIP,HN.5.1.1.130.3929
NA,NA
HN.5.1.1.130.3931_DIP,HN.5.1.1.130.3931
HN.5.1.1.130.3932_DIP,HN.5.1.1.130.3932
HN.5.1.1.130.3933_DIP,HN.5.1.1.130.3933
HN.5.1.1.130.3934_DIP,HN.5.1.1.130.3934
NA,NA
HN.5.1.1.130.3936_DIP,HN.5.1.1.130.3936
HN.5.1.1.130.3937_DIP,HN.5.1.1.130.3937
NA,NA
HN.5.1.1.130.3939_DIP,HN.5.1.1.130.3939
NA,NA
HN.5.1.1.130.3941_DIP,HN.5.1.1.130.3941
HN.5.1.1.130.3942_DIP,HN.5.1.1.130.3942
HN.5.1.1.130.3943_DIP,HN.5.1.1.130.3943
HN.5.1.1.50.3671_DIP,HN.5.1.1.50.3671
HN.5.1.1.50.3672_DIP,HN.5.1.1.50.3672
HN.5.1.1.50.3673_DIP,HN.5.1.1.50.3673
HN.5.1.1.50.3674_DIP,HN.5.1.1.50.3674
HN.5.1.1.50.3675_DIP,HN.5.1.1.50.3675
HN.5.1.1.50.3676_DIP,HN.5.1.1.50.3676
HN.5.1.1.50.3677_DIP,HN.5.1.1.50.3677
HN.5.1.1.50.3678_DIP,HN.5.1.1.50.3678
NA,NA
HN.5.1.1.55.3699_DIP,HN.5.1.1.55.3699
HN.5.1.1.55.3700_DIP,HN.5.1.1.55.3700
HN.5.1.1.55.3701_DIP,HN.5.1.1.55.3701
HN.5.1.1.306.4703_DIP,HN.5.1.1.306.4703
HN.5.1.1.306.4704_DIP,HN.5.1.1.306.4704
HN.5.1.1.306.4705_DIP,HN.5.1.1.306.4705
NA,NA
HN.5.1.1.306.4707_DIP,HN.5.1.1.306.4707
HN.5.1.1.306.4708_DIP,HN.5.1.1.306.4708
HN.5.1.1.306.4709_DIP,HN.5.1.1.306.4709
HN.5.1.1.306.4710_DIP,HN.5.1.1.306.4710
HN.5.1.1.306.4711_DIP,HN.5.1.1.306.4711
HN.5.1.1.306.4712_DIP,HN.5.1.1.306.4712
HN.5.1.1.306.4713_DIP,HN.5.1.1.306.4713
NA,NA
HN.5.1.1.306.4715_DIP,HN.5.1.1.306.4715
HN.5.1.1.306.4716_DIP,HN.5.1.1.306.4716
NA,NA
HN.5.1.1.47.3665_DIP,HN.5.1.1.47.3665
HN.5.1.1.47.3666_DIP,HN.5.1.1.47.3666
HN.5.1.1.47.3667_DIP,HN.5.1.1.47.3667
NA,NA
HN.5.1.1.47.3669_DIP,HN.5.1.1.47.3669
HN.5.1.1.47.3670_DIP,HN.5.1.1.47.3670
HN.5.1.1.216.4327_DIP,HN.5.1.1.216.4327
HN.5.1.1.216.4328_DIP,HN.5.1.1.216.4328
HN.5.1.1.216.4329_DIP,HN.5.1.1.216.4329
HN.5.1.1.216.4330_DIP,HN.5.1.1.216.4330
HN.5.1.1.216.4331_DIP,HN.5.1.1.216.4331
HN.5.1.1.216.4332_DIP,HN.5.1.1.216.4332
HN.5.1.1.216.4333_DIP,HN.5.1.1.216.4333
HN.5.1.1.216.4334_DIP,HN.5.1.1.216.4334
NA,NA
HN.5.1.1.216.4336_DIP,HN.5.1.1.216.4336
HN.5.1.1.216.4337_DIP,HN.5.1.1.216.4337
NA,NA
NA,NA
NA,NA
NA,NA
NA,NA
HN.5.1.1.340.4854_DIP,HN.5.1.1.340.4854
HN.5.1.1.29.3589_DIP,HN.5.1.1.29.3589
HN.5.1.1.29.3590_DIP,HN.5.1.1.29.3590
HN.5.1.1.29.3591_DIP,HN.5.1.1.29.3591
HN.5.1.1.29.3592_DIP,HN.5.1.1.29.3592
HN.5.1.1.29.3593_DIP,HN.5.1.1.29.3593
HN.5.1.1.29.3594_DIP,HN.5.1.1.29.3594
HN.5.1.1.29.3595_DIP,HN.5.1.1.29.3595
HN.5.1.1.11.3508_DIP,HN.5.1.1.11.3508
HN.5.1.1.11.3509_DIP,HN.5.1.1.11.3509
HN.5.1.1.11.3510_DIP,HN.5.1.1.11.3510
HN.5.1.1.11.3511_DIP,HN.5.1.1.11.3511
NA,NA
HN.5.1.1.11.3513_DIP,HN.5.1.1.11.3513
HN.5.1.1.11.3514_DIP,HN.5.1.1.11.3514
NA,NA
HN.5.1.1.270.4584_DIP,HN.5.1.1.270.4584
NA,NA
HN.5.1.1.270.4586_DIP,HN.5.1.1.270.4586
HN.5.1.1.270.4587_DIP,HN.5.1.1.270.4587
NA,NA
HN.5.1.1.270.4589_DIP,HN.5.1.1.270.4589
NA,NA
NA,NA
HN.5.1.1.270.4592_DIP,HN.5.1.1.270.4592
NA,NA
HN.5.1.1.270.4594_DIP,HN.5.1.1.270.4594
NA,NA
HN.5.1.1.249.4463_DIP,HN.5.1.1.249.4463
NA,NA
NA,NA
NA,NA
HN.5.1.1.249.4467_DIP,HN.5.1.1.249.4467
NA,NA
HN.5.1.1.249.4469_DIP,HN.5.1.1.249.4469
HN.5.1.1.249.4470_DIP,HN.5.1.1.249.4470
HN.5.1.1.249.4471_DIP,HN.5.1.1.249.4471
NA,NA
NA,NA
NA,NA
NA,NA
HN.5.1.1.187.4192_DIP,HN.5.1.1.187.4192
NA,NA
HN.5.1.1.187.4194_DIP,HN.5.1.1.187.4194
HN.5.1.1.187.4195_DIP,HN.5.1.1.187.4195
HN.5.1.1.187.4196_DIP,HN.5.1.1.187.4196
NA,NA
HN.5.1.1.338.4838_DIP,HN.5.1.1.338.4838
NA,NA
NA,NA
NA,NA
HN.5.1.1.46.3658_DIP,HN.5.1.1.46.3658
HN.5.1.1.46.3659_DIP,HN.5.1.1.46.3659
HN.5.1.1.46.3660_DIP,HN.5.1.1.46.3660
HN.5.1.1.46.3661_DIP,HN.5.1.1.46.3661
HN.5.1.1.46.3662_DIP,HN.5.1.1.46.3662
NA,NA
NA,NA
HN.5.1.1.288.4641_DIP,HN.5.1.1.288.4641
HN.5.1.1.288.4642_DIP,HN.5.1.1.288.4642
NA,NA
NA,NA
HN.5.1.1.220.4341_DIP,HN.5.1.1.220.4341
NA,NA
HN.5.1.1.220.4343_DIP,HN.5.1.1.220.4343
HN.5.1.1.220.4344_DIP,HN.5.1.1.220.4344
HN.5.1.1.220.4345_DIP,HN.5.1.1.220.4345
HN.5.1.1.220.4346_DIP,HN.5.1.1.220.4346
HN.5.1.1.220.4347_DIP,HN.5.1.1.220.4347
HN.5.1.1.220.4348_DIP,HN.5.1.1.220.4348
NA,NA
HN.5.1.1.220.4350_DIP,HN.5.1.1.220.4350
HN.5.1.1.220.4351_DIP,HN.5.1.1.220.4351
HN.5.1.1.220.4352_DIP,HN.5.1.1.220.4352
HN.5.1.1.220.4353_DIP,HN.5.1.1.220.4353
NA,NA
HN.5.1.1.220.4355_DIP,HN.5.1.1.220.4355
HN.5.1.1.127.3920_DIP,HN.5.1.1.127.3920
HN.5.1.1.127.3921_DIP,HN.5.1.1.127.3921
HN.5.1.1.127.3922_DIP,HN.5.1.1.127.3922
HN.5.1.1.127.3923_DIP,HN.5.1.1.127.3923
HN.5.1.1.127.3924_DIP,HN.5.1.1.127.3924
HN.5.1.1.127.3925_DIP,HN.5.1.1.127.3925
NA,NA
NA,NA
HN.5.1.1.127.3928_DIP,HN.5.1.1.127.3928
HN.5.1.1.339.4840_DIP,HN.5.1.1.339.4840
HN.5.1.1.339.4841_DIP,HN.5.1.1.339.4841
HN.5.1.1.339.4842_DIP,HN.5.1.1.339.4842
NA,NA
NA,NA
HN.5.1.1.339.4845_DIP,HN.5.1.1.339.4845
NA,NA
HN.5.1.1.339.4847_DIP,HN.5.1.1.339.4847
NA,NA
HN.5.1.1.339.4849_DIP,HN.5.1.1.339.4849
NA,NA
HN.5.1.1.1.3439_DIP,HN.5.1.1.1.3439
HN.5.1.1.1.3440_DIP,HN.5.1.1.1.3440
NA,NA
NA,NA
HN.5.1.1.1.3443_DIP,HN.5.1.1.1.3443
HN.5.1.1.1.3444_DIP,HN.5.1.1.1.3444
HN.5.1.1.1.3445_DIP,HN.5.1.1.1.3445
HN.5.1.1.1.3446_DIP,HN.5.1.1.1.3446
HN.5.1.1.1.3447_DIP,HN.5.1.1.1.3447
HN.5.1.1.1.3448_DIP,HN.5.1.1.1.3448
HN.5.1.1.1.3449_DIP,HN.5.1.1.1.3449
HN.5.1.1.1.3450_DIP,HN.5.1.1.1.3450
NA,NA
HN.5.1.1.1.3452_DIP,HN.5.1.1.1.3452
NA,NA
HN.5.1.1.1.3454_DIP,HN.5.1.1.1.3454
HN.5.1.1.1.3455_DIP,HN.5.1.1.1.3455
NA,NA
HN.5.1.1.1.3457_DIP,HN.5.1.1.1.3457
NA,NA
HN.5.1.1.1.3459_DIP,HN.5.1.1.1.3459
NA,NA
HN.5.1.1.1.3461_DIP,HN.5.1.1.1.3461
NA,NA
HN.5.1.1.1.3463_DIP,HN.5.1.1.1.3463
HN.5.1.1.1.3464_DIP,HN.5.1.1.1.3464
HN.5.1.1.1.3465_DIP,HN.5.1.1.1.3465
HN.5.1.1.94.3823_DIP,HN.5.1.1.94.3823
HN.5.1.1.94.3824_DIP,HN.5.1.1.94.3824
HN.5.1.1.21.3560_DIP,HN.5.1.1.21.3560
HN.5.1.1.21.3561_DIP,HN.5.1.1.21.3561
HN.5.1.1.21.3562_DIP,HN.5.1.1.21.3562
HN.5.1.1.21.3563_DIP,HN.5.1.1.21.3563
HN.5.1.1.21.3564_DIP,HN.5.1.1.21.3564
HN.5.1.1.21.3565_DIP,HN.5.1.1.21.3565
HN.5.1.1.21.3566_DIP,HN.5.1.1.21.3566
HN.5.1.1.21.3567_DIP,HN.5.1.1.21.3567
HN.5.1.1.21.3568_DIP,HN.5.1.1.21.3568
HN.5.1.1.21.3569_DIP,HN.5.1.1.21.3569
NA,NA
NA,NA
NA,NA
NA,NA
NA,NA
HN.5.1.1.311.4730_DIP,HN.5.1.1.311.4730
NA,NA
NA,NA
NA,NA
HN.5.1.1.311.4734_DIP,HN.5.1.1.311.4734
HN.5.1.1.311.4735_DIP,HN.5.1.1.311.4735
HN.5.1.1.73.3772_DIP,HN.5.1.1.73.3772
HN.5.1.1.73.3773_DIP,HN.5.1.1.73.3773
NA,NA
HN.5.1.1.73.3775_DIP,HN.5.1.1.73.3775
NA,NA
NA,NA
HN.5.1.1.73.3778_DIP,HN.5.1.1.73.3778
HN.5.1.1.73.3779_DIP,HN.5.1.1.73.3779
HN.5.1.1.73.3780_DIP,HN.5.1.1.73.3780
HN.5.1.1.73.3781_DIP,HN.5.1.1.73.3781
NA,NA
HN.5.1.1.73.3783_DIP,HN.5.1.1.73.3783
NA,NA
HN.5.1.1.175.4112_DIP,HN.5.1.1.175.4112
HN.5.1.1.175.4113_DIP,HN.5.1.1.175.4113
NA,NA
NA,NA
HN.5.1.1.175.4116_DIP,HN.5.1.1.175.4116
NA,NA
NA,NA
HN.5.1.1.15.3529_DIP,HN.5.1.1.15.3529
HN.5.1.1.15.3530_DIP,HN.5.1.1.15.3530
HN.5.1.1.15.3531_DIP,HN.5.1.1.15.3531
HN.5.1.1.15.3532_DIP,HN.5.1.1.15.3532
NA,NA
NA,NA
HN.5.1.1.15.3535_DIP,HN.5.1.1.15.3535
HN.5.1.1.15.3536_DIP,HN.5.1.1.15.3536
HN.5.1.1.15.3537_DIP,HN.5.1.1.15.3537
HN.5.1.1.15.3538_DIP,HN.5.1.1.15.3538
NA,NA
HN.5.1.1.15.3540_DIP,HN.5.1.1.15.3540
HN.5.1.1.15.3541_DIP,HN.5.1.1.15.3541
NA,NA
HN.5.1.1.15.3543_DIP,HN.5.1.1.15.3543
HN.5.1.1.15.3544_DIP,HN.5.1.1.15.3544
HN.5.1.1.15.3545_DIP,HN.5.1.1.15.3545
HN.5.1.1.195.4230_DIP,HN.5.1.1.195.4230
HN.5.1.1.195.4231_DIP,HN.5.1.1.195.4231
NA,NA
HN.5.1.1.195.4233_DIP,HN.5.1.1.195.4233
HN.5.1.1.195.4234_DIP,HN.5.1.1.195.4234
NA,NA
HN.5.1.1.195.4236_DIP,HN.5.1.1.195.4236
HN.5.1.1.195.4237_DIP,HN.5.1.1.195.4237
HN.5.1.1.195.4238_DIP,HN.5.1.1.195.4238
HN.5.1.1.195.4239_DIP,HN.5.1.1.195.4239
HN.5.1.1.195.4240_DIP,HN.5.1.1.195.4240
HN.5.1.1.195.4241_DIP,HN.5.1.1.195.4241
HN.5.1.1.195.4242_DIP,HN.5.1.1.195.4242
HN.5.1.1.195.4243_DIP,HN.5.1.1.195.4243
NA,NA
HN.5.1.1.195.4245_DIP,HN.5.1.1.195.4245
HN.5.1.1.195.4246_DIP,HN.5.1.1.195.4246
HN.5.1.1.195.4247_DIP,HN.5.1.1.195.4247
NA,NA
HN.5.1.1.195.4249_DIP,HN.5.1.1.195.4249
NA,NA
HN.5.1.1.195.4251_DIP,HN.5.1.1.195.4251
HN.5.1.1.195.4252_DIP,HN.5.1.1.195.4252
HN.5.1.1.195.4253_DIP,HN.5.1.1.195.4253
NA,NA
HN.5.1.1.195.4255_DIP,HN.5.1.1.195.4255
HN.5.1.1.195.4256_DIP,HN.5.1.1.195.4256
HN.5.1.1.195.4257_DIP,HN.5.1.1.195.4257
NA,NA
HN.5.1.1.24.3571_DIP,HN.5.1.1.24.3571
HN.5.1.1.24.3572_DIP,HN.5.1.1.24.3572
NA,NA
HN.5.1.1.24.3574_DIP,HN.5.1.1.24.3574
HN.5.1.1.24.3575_DIP,HN.5.1.1.24.3575
NA,NA
HN.5.1.1.71.3770_DIP,HN.5.1.1.71.3770
HN.5.1.1.71.3771_DIP,HN.5.1.1.71.3771
HN.5.1.1.330.4811_DIP,HN.5.1.1.330.4811
HN.5.1.1.330.4812_DIP,HN.5.1.1.330.4812
HN.5.1.1.330.4813_DIP,HN.5.1.1.330.4813
NA,NA
HN.5.1.1.169.4078_DIP,HN.5.1.1.169.4078
NA,NA
HN.5.1.1.169.4080_DIP,HN.5.1.1.169.4080
HN.5.1.1.169.4081_DIP,HN.5.1.1.169.4081
HN.5.1.1.169.4082_DIP,HN.5.1.1.169.4082
HN.5.1.1.169.4083_DIP,HN.5.1.1.169.4083
HN.5.1.1.169.4084_DIP,HN.5.1.1.169.4084
HN.5.1.1.169.4085_DIP,HN.5.1.1.169.4085
HN.5.1.1.169.4086_DIP,HN.5.1.1.169.4086
HN.5.1.1.169.4087_DIP,HN.5.1.1.169.4087
HN.5.1.1.169.4088_DIP,HN.5.1.1.169.4088
NA,NA
NA,NA
HN.5.1.1.169.4091_DIP,HN.5.1.1.169.4091
NA,NA
HN.5.1.1.169.4093_DIP,HN.5.1.1.169.4093
NA,NA
HN.5.1.1.169.4095_DIP,HN.5.1.1.169.4095
HN.5.1.1.169.4096_DIP,HN.5.1.1.169.4096
HN.5.1.1.169.4097_DIP,HN.5.1.1.169.4097
HN.5.1.1.52.3680_DIP,HN.5.1.1.52.3680
NA,NA
HN.5.1.1.52.3682_DIP,HN.5.1.1.52.3682
HN.5.1.1.52.3683_DIP,HN.5.1.1.52.3683
HN.5.1.1.52.3684_DIP,HN.5.1.1.52.3684
HN.5.1.1.52.3685_DIP,HN.5.1.1.52.3685
HN.5.1.1.52.3686_DIP,HN.5.1.1.52.3686
HN.5.1.1.52.3687_DIP,HN.5.1.1.52.3687
HN.5.1.1.52.3688_DIP,HN.5.1.1.52.3688
NA,NA
HN.5.1.1.52.3690_DIP,HN.5.1.1.52.3690
NA,NA
HN.5.1.1.52.3692_DIP,HN.5.1.1.52.3692
NA,NA
NA,NA
HN.5.1.1.52.3695_DIP,HN.5.1.1.52.3695
NA,NA
HN.5.1.1.52.3697_DIP,HN.5.1.1.52.3697
HN.5.1.1.52.3698_DIP,HN.5.1.1.52.3698
HN.5.1.1.81.3784_DIP,HN.5.1.1.81.3784
HN.5.1.1.81.3785_DIP,HN.5.1.1.81.3785
HN.5.1.1.81.3786_DIP,HN.5.1.1.81.3786
HN.5.1.1.81.3787_DIP,HN.5.1.1.81.3787
NA,NA
NA,NA
HN.5.1.1.81.3790_DIP,HN.5.1.1.81.3790
HN.5.1.1.81.3791_DIP,HN.5.1.1.81.3791
HN.5.1.1.81.3792_DIP,HN.5.1.1.81.3792
HN.5.1.1.81.3793_DIP,HN.5.1.1.81.3793
NA,NA
HN.5.1.1.81.3795_DIP,HN.5.1.1.81.3795
HN.5.1.1.81.3796_DIP,HN.5.1.1.81.3796
NA,NA
HN.5.1.1.81.3798_DIP,HN.5.1.1.81.3798
HN.5.1.1.276.4619_DIP,HN.5.1.1.276.4619
HN.5.1.1.276.4620_DIP,HN.5.1.1.276.4620
HN.5.1.1.276.4621_DIP,HN.5.1.1.276.4621
HN.5.1.1.276.4622_DIP,HN.5.1.1.276.4622
HN.5.1.1.276.4623_DIP,HN.5.1.1.276.4623
HN.5.1.1.276.4624_DIP,HN.5.1.1.276.4624
HN.5.1.1.276.4625_DIP,HN.5.1.1.276.4625
HN.5.1.1.276.4626_DIP,HN.5.1.1.276.4626
NA,NA
HN.5.1.1.235.4426_DIP,HN.5.1.1.235.4426
HN.5.1.1.235.4427_DIP,HN.5.1.1.235.4427
HN.5.1.1.235.4428_DIP,HN.5.1.1.235.4428
HN.5.1.1.235.4429_DIP,HN.5.1.1.235.4429
HN.5.1.1.235.4430_DIP,HN.5.1.1.235.4430
HN.5.1.1.251.4472_DIP,HN.5.1.1.251.4472
NA,NA
NA,NA
HN.5.1.1.251.4475_DIP,HN.5.1.1.251.4475
HN.5.1.1.251.4476_DIP,HN.5.1.1.251.4476
NA,NA
HN.5.1.1.251.4478_DIP,HN.5.1.1.251.4478
HN.5.1.1.251.4479_DIP,HN.5.1.1.251.4479
NA,NA
HN.5.1.1.251.4481_DIP,HN.5.1.1.251.4481
NA,NA
HN.5.1.1.251.4483_DIP,HN.5.1.1.251.4483
HN.5.1.1.251.4484_DIP,HN.5.1.1.251.4484
NA,NA
NA,NA
NA,NA
NA,NA
HN.5.1.1.251.4489_DIP,HN.5.1.1.251.4489
NA,NA
NA,NA
HN.5.1.1.251.4492_DIP,HN.5.1.1.251.4492
NA,NA
NA,NA
HN.5.1.1.251.4495_DIP,HN.5.1.1.251.4495
NA,NA
NA,NA
HN.5.1.1.251.4498_DIP,HN.5.1.1.251.4498
HN.5.1.1.251.4499_DIP,HN.5.1.1.251.4499
HN.5.1.1.251.4500_DIP,HN.5.1.1.251.4500
NA,NA
HN.5.1.1.251.4502_DIP,HN.5.1.1.251.4502
HN.5.1.1.251.4503_DIP,HN.5.1.1.251.4503
HN.5.1.1.251.4504_DIP,HN.5.1.1.251.4504
NA,NA
NA,NA
HN.5.1.1.251.4507_DIP,HN.5.1.1.251.4507
NA,NA
NA,NA
HN.5.1.1.251.4510_DIP,HN.5.1.1.251.4510
NA,NA
HN.5.1.1.251.4512_DIP,HN.5.1.1.251.4512
NA,NA
NA,NA
HN.5.1.1.251.4515_DIP,HN.5.1.1.251.4515
HN.5.1.1.251.4516_DIP,HN.5.1.1.251.4516
HN.5.1.1.251.4517_DIP,HN.5.1.1.251.4517
HN.5.1.1.10.3499_DIP,HN.5.1.1.10.3499
HN.5.1.1.10.3500_DIP,HN.5.1.1.10.3500
HN.5.1.1.10.3501_DIP,HN.5.1.1.10.3501
HN.5.1.1.10.3502_DIP,HN.5.1.1.10.3502
HN.5.1.1.10.3503_DIP,HN.5.1.1.10.3503
HN.5.1.1.10.3504_DIP,HN.5.1.1.10.3504
HN.5.1.1.10.3505_DIP,HN.5.1.1.10.3505
HN.5.1.1.10.3506_DIP,HN.5.1.1.10.3506
NA,NA
HN.5.1.1.33.3596_DIP,HN.5.1.1.33.3596
HN.5.1.1.33.3597_DIP,HN.5.1.1.33.3597
HN.5.1.1.33.3598_DIP,HN.5.1.1.33.3598
HN.5.1.1.33.3599_DIP,HN.5.1.1.33.3599
HN.5.1.1.43.3640_DIP,HN.5.1.1.43.3640
NA,NA
HN.5.1.1.43.3642_DIP,HN.5.1.1.43.3642
NA,NA
HN.5.1.1.43.3644_DIP,HN.5.1.1.43.3644
NA,NA
HN.5.1.1.43.3646_DIP,HN.5.1.1.43.3646
HN.5.1.1.43.3647_DIP,HN.5.1.1.43.3647
HN.5.1.1.43.3648_DIP,HN.5.1.1.43.3648
HN.5.1.1.43.3649_DIP,HN.5.1.1.43.3649
HN.5.1.1.43.3650_DIP,HN.5.1.1.43.3650
NA,NA
HN.5.1.1.43.3652_DIP,HN.5.1.1.43.3652
HN.5.1.1.43.3653_DIP,HN.5.1.1.43.3653
HN.5.1.1.43.3654_DIP,HN.5.1.1.43.3654
HN.5.1.1.43.3655_DIP,HN.5.1.1.43.3655
HN.5.1.1.43.3656_DIP,HN.5.1.1.43.3656
HN.5.1.1.43.3657_DIP,HN.5.1.1.43.3657
HN.5.1.1.185.4170_DIP,HN.5.1.1.185.4170
HN.5.1.1.185.4171_DIP,HN.5.1.1.185.4171
HN.5.1.1.185.4172_DIP,HN.5.1.1.185.4172
HN.5.1.1.185.4173_DIP,HN.5.1.1.185.4173
NA,NA
HN.5.1.1.185.4175_DIP,HN.5.1.1.185.4175
NA,NA
NA,NA
HN.5.1.1.185.4178_DIP,HN.5.1.1.185.4178
HN.5.1.1.185.4179_DIP,HN.5.1.1.185.4179
NA,NA
HN.5.1.1.185.4181_DIP,HN.5.1.1.185.4181
NA,NA
HN.5.1.1.185.4183_DIP,HN.5.1.1.185.4183
HN.5.1.1.185.4184_DIP,HN.5.1.1.185.4184
HN.5.1.1.185.4185_DIP,HN.5.1.1.185.4185
NA,NA
HN.5.1.1.185.4187_DIP,HN.5.1.1.185.4187
HN.5.1.1.336.4829_DIP,HN.5.1.1.336.4829
HN.5.1.1.336.4830_DIP,HN.5.1.1.336.4830
HN.5.1.1.66.3727_DIP,HN.5.1.1.66.3727
HN.5.1.1.66.3728_DIP,HN.5.1.1.66.3728
HN.5.1.1.66.3729_DIP,HN.5.1.1.66.3729
HN.5.1.1.66.3730_DIP,HN.5.1.1.66.3730
NA,NA
HN.5.1.1.66.3732_DIP,HN.5.1.1.66.3732
HN.5.1.1.66.3733_DIP,HN.5.1.1.66.3733
HN.5.1.1.66.3734_DIP,HN.5.1.1.66.3734
NA,NA
HN.5.1.1.66.3736_DIP,HN.5.1.1.66.3736
NA,NA
HN.5.1.1.66.3738_DIP,HN.5.1.1.66.3738
NA,NA
HN.5.1.1.66.3740_DIP,HN.5.1.1.66.3740
NA,NA
NA,NA
NA,NA
NA,NA
NA,NA
HN.5.1.1.26.3582_DIP,HN.5.1.1.26.3582
NA,NA
NA,NA
HN.5.1.1.178.4120_DIP,HN.5.1.1.178.4120
HN.5.1.1.178.4121_DIP,HN.5.1.1.178.4121
HN.5.1.1.178.4122_DIP,HN.5.1.1.178.4122
HN.5.1.1.178.4123_DIP,HN.5.1.1.178.4123
HN.5.1.1.178.4124_DIP,HN.5.1.1.178.4124
HN.5.1.1.178.4125_DIP,HN.5.1.1.178.4125
HN.5.1.1.178.4126_DIP,HN.5.1.1.178.4126
HN.5.1.1.178.4127_DIP,HN.5.1.1.178.4127
NA,NA
HN.5.1.1.178.4129_DIP,HN.5.1.1.178.4129
HN.5.1.1.178.4130_DIP,HN.5.1.1.178.4130
HN.5.1.1.178.4131_DIP,HN.5.1.1.178.4131
HN.5.1.1.178.4132_DIP,HN.5.1.1.178.4132
HN.5.1.1.178.4133_DIP,HN.5.1.1.178.4133
HN.5.1.1.178.4134_DIP,HN.5.1.1.178.4134
HN.5.1.1.178.4135_DIP,HN.5.1.1.178.4135
HN.5.1.1.214.4312_DIP,HN.5.1.1.214.4312
HN.5.1.1.214.4313_DIP,HN.5.1.1.214.4313
HN.5.1.1.214.4314_DIP,HN.5.1.1.214.4314
HN.5.1.1.214.4315_DIP,HN.5.1.1.214.4315
HN.5.1.1.214.4316_DIP,HN.5.1.1.214.4316
HN.5.1.1.214.4317_DIP,HN.5.1.1.214.4317
HN.5.1.1.214.4318_DIP,HN.5.1.1.214.4318
NA,NA
HN.5.1.1.214.4320_DIP,HN.5.1.1.214.4320
HN.5.1.1.214.4321_DIP,HN.5.1.1.214.4321
HN.5.1.1.214.4322_DIP,HN.5.1.1.214.4322
HN.5.1.1.214.4323_DIP,HN.5.1.1.214.4323
HN.5.1.1.214.4324_DIP,HN.5.1.1.214.4324
NA,NA
HN.5.1.1.214.4326_DIP,HN.5.1.1.214.4326
NA,NA
NA,NA
HN.5.1.1.99.3841_DIP,HN.5.1.1.99.3841
HN.5.1.1.99.3842_DIP,HN.5.1.1.99.3842
HN.5.1.1.99.3843_DIP,HN.5.1.1.99.3843
NA,NA
NA,NA
NA,NA
NA,NA
HN.5.1.1.333.4817_DIP,HN.5.1.1.333.4817
HN.5.1.1.333.4818_DIP,HN.5.1.1.333.4818
HN.5.1.1.333.4819_DIP,HN.5.1.1.333.4819
HN.5.1.1.333.4820_DIP,HN.5.1.1.333.4820
HN.5.1.1.259.4548_DIP,HN.5.1.1.259.4548
HN.5.1.1.259.4549_DIP,HN.5.1.1.259.4549
HN.5.1.1.259.4550_DIP,HN.5.1.1.259.4550
NA,NA
HN.5.1.1.259.4552_DIP,HN.5.1.1.259.4552
HN.5.1.1.337.4831_DIP,HN.5.1.1.337.4831
NA,NA
HN.5.1.1.337.4833_DIP,HN.5.1.1.337.4833
HN.5.1.1.337.4834_DIP,HN.5.1.1.337.4834
HN.5.1.1.337.4835_DIP,HN.5.1.1.337.4835
HN.5.1.1.337.4836_DIP,HN.5.1.1.337.4836
HN.5.1.1.337.4837_DIP,HN.5.1.1.337.4837
NA,NA
HN.5.1.1.329.4808_DIP,HN.5.1.1.329.4808
HN.5.1.1.329.4809_DIP,HN.5.1.1.329.4809
NA,NA
HN.5.1.1.206.4289_DIP,HN.5.1.1.206.4289
HN.5.1.1.206.4290_DIP,HN.5.1.1.206.4290
HN.5.1.1.206.4291_DIP,HN.5.1.1.206.4291
HN.5.1.1.203.4262_DIP,HN.5.1.1.203.4262
HN.5.1.1.203.4263_DIP,HN.5.1.1.203.4263
HN.5.1.1.203.4264_DIP,HN.5.1.1.203.4264
NA,NA
HN.5.1.1.203.4266_DIP,HN.5.1.1.203.4266
HN.5.1.1.203.4267_DIP,HN.5.1.1.203.4267
HN.5.1.1.203.4268_DIP,HN.5.1.1.203.4268
HN.5.1.1.203.4269_DIP,HN.5.1.1.203.4269
NA,NA
NA,NA
HN.5.1.1.203.4272_DIP,HN.5.1.1.203.4272
HN.5.1.1.203.4273_DIP,HN.5.1.1.203.4273
HN.5.1.1.203.4274_DIP,HN.5.1.1.203.4274
HN.5.1.1.203.4275_DIP,HN.5.1.1.203.4275
HN.5.1.1.203.4276_DIP,HN.5.1.1.203.4276
HN.5.1.1.203.4277_DIP,HN.5.1.1.203.4277
NA,NA
HN.5.1.1.203.4279_DIP,HN.5.1.1.203.4279
NA,NA
HN.5.1.1.203.4281_DIP,HN.5.1.1.203.4281
HN.5.1.1.203.4282_DIP,HN.5.1.1.203.4282
HN.5.1.1.203.4283_DIP,HN.5.1.1.203.4283
HN.5.1.1.203.4284_DIP,HN.5.1.1.203.4284
NA,NA
NA,NA
HN.5.1.1.203.4287_DIP,HN.5.1.1.203.4287
HN.5.1.1.203.4288_DIP,HN.5.1.1.203.4288
HN.5.1.1.109.3859_DIP,HN.5.1.1.109.3859
NA,NA
NA,NA
NA,NA
NA,NA
NA,NA
HN.5.1.1.109.3865_DIP,HN.5.1.1.109.3865
HN.5.1.1.109.3866_DIP,HN.5.1.1.109.3866
NA,NA
NA,NA
NA,NA
HN.5.1.1.260.4553_DIP,HN.5.1.1.260.4553
HN.5.1.1.260.4554_DIP,HN.5.1.1.260.4554
NA,NA
NA,NA
HN.5.1.1.260.4557_DIP,HN.5.1.1.260.4557
HN.5.1.1.260.4558_DIP,HN.5.1.1.260.4558
HN.5.1.1.272.4595_DIP,HN.5.1.1.272.4595
HN.5.1.1.272.4596_DIP,HN.5.1.1.272.4596
HN.5.1.1.272.4597_DIP,HN.5.1.1.272.4597
HN.5.1.1.272.4598_DIP,HN.5.1.1.272.4598
HN.5.1.1.8.3479_DIP,HN.5.1.1.8.3479
HN.5.1.1.8.3480_DIP,HN.5.1.1.8.3480
HN.5.1.1.8.3481_DIP,HN.5.1.1.8.3481
NA,NA
NA,NA
HN.5.1.1.8.3484_DIP,HN.5.1.1.8.3484
HN.5.1.1.8.3485_DIP,HN.5.1.1.8.3485
HN.5.1.1.8.3486_DIP,HN.5.1.1.8.3486
HN.5.1.1.8.3487_DIP,HN.5.1.1.8.3487
HN.5.1.1.8.3488_DIP,HN.5.1.1.8.3488
HN.5.1.1.8.3489_DIP,HN.5.1.1.8.3489
HN.5.1.1.8.3490_DIP,HN.5.1.1.8.3490
HN.5.1.1.8.3491_DIP,HN.5.1.1.8.3491
NA,NA
HN.5.1.1.8.3493_DIP,HN.5.1.1.8.3493
HN.5.1.1.8.3494_DIP,HN.5.1.1.8.3494
HN.5.1.1.8.3495_DIP,HN.5.1.1.8.3495
HN.5.1.1.8.3496_DIP,HN.5.1.1.8.3496
HN.5.1.1.8.3497_DIP,HN.5.1.1.8.3497
HN.5.1.1.8.3498_DIP,HN.5.1.1.8.3498
HN.5.1.1.89.3813_DIP,HN.5.1.1.89.3813
HN.5.1.1.89.3814_DIP,HN.5.1.1.89.3814
HN.5.1.1.89.3815_DIP,HN.5.1.1.89.3815
HN.5.1.1.89.3816_DIP,HN.5.1.1.89.3816
HN.5.1.1.89.3817_DIP,HN.5.1.1.89.3817
HN.5.1.1.89.3818_DIP,HN.5.1.1.89.3818
HN.5.1.1.89.3819_DIP,HN.5.1.1.89.3819
HN.5.1.1.89.3820_DIP,HN.5.1.1.89.3820
HN.5.1.1.89.3821_DIP,HN.5.1.1.89.3821
HN.5.1.1.89.3822_DIP,HN.5.1.1.89.3822
HN.5.1.1.224.4356_DIP,HN.5.1.1.224.4356
HN.5.1.1.224.4357_DIP,HN.5.1.1.224.4357
NA,NA
HN.5.1.1.224.4359_DIP,HN.5.1.1.224.4359
HN.5.1.1.224.4360_DIP,HN.5.1.1.224.4360
HN.5.1.1.224.4361_DIP,HN.5.1.1.224.4361
NA,NA
HN.5.1.1.224.4363_DIP,HN.5.1.1.224.4363
NA,NA
NA,NA
HN.5.1.1.224.4366_DIP,HN.5.1.1.224.4366
HN.5.1.1.224.4367_DIP,HN.5.1.1.224.4367
NA,NA
NA,NA
HN.5.1.1.224.4370_DIP,HN.5.1.1.224.4370
NA,NA
NA,NA
NA,NA
NA,NA
HN.5.1.1.224.4375_DIP,HN.5.1.1.224.4375
HN.5.1.1.224.4376_DIP,HN.5.1.1.224.4376
NA,NA
HN.5.1.1.224.4378_DIP,HN.5.1.1.224.4378
HN.5.1.1.224.4379_DIP,HN.5.1.1.224.4379
HN.5.1.1.224.4380_DIP,HN.5.1.1.224.4380
HN.5.1.1.224.4381_DIP,HN.5.1.1.224.4381
HN.5.1.1.224.4382_DIP,HN.5.1.1.224.4382
HN.5.1.1.224.4383_DIP,HN.5.1.1.224.4383
NA,NA
HN.5.1.1.224.4385_DIP,HN.5.1.1.224.4385
NA,NA
HN.5.1.1.224.4387_DIP,HN.5.1.1.224.4387
HN.5.1.1.224.4388_DIP,HN.5.1.1.224.4388
NA,NA
HN.5.1.1.289.4644_DIP,HN.5.1.1.289.4644
HN.5.1.1.289.4645_DIP,HN.5.1.1.289.4645
HN.5.1.1.289.4646_DIP,HN.5.1.1.289.4646
HN.5.1.1.289.4647_DIP,HN.5.1.1.289.4647
HN.5.1.1.289.4648_DIP,HN.5.1.1.289.4648
NA,NA
HN.5.1.1.289.4650_DIP,HN.5.1.1.289.4650
HN.5.1.1.289.4651_DIP,HN.5.1.1.289.4651
HN.5.1.1.289.4652_DIP,HN.5.1.1.289.4652
NA,NA
HN.5.1.1.289.4654_DIP,HN.5.1.1.289.4654
HN.5.1.1.289.4655_DIP,HN.5.1.1.289.4655
NA,NA
HN.5.1.1.289.4657_DIP,HN.5.1.1.289.4657
HN.5.1.1.289.4658_DIP,HN.5.1.1.289.4658
HN.5.1.1.289.4659_DIP,HN.5.1.1.289.4659
HN.5.1.1.289.4660_DIP,HN.5.1.1.289.4660
NA,NA
HN.5.1.1.261.4560_DIP,HN.5.1.1.261.4560
HN.5.1.1.261.4561_DIP,HN.5.1.1.261.4561
NA,NA
NA,NA
HN.5.1.1.261.4564_DIP,HN.5.1.1.261.4564
HN.5.1.1.261.4565_DIP,HN.5.1.1.261.4565
HN.5.1.1.261.4566_DIP,HN.5.1.1.261.4566
NA,NA
NA,NA
NA,NA
HN.5.1.1.160.4074_DIP,HN.5.1.1.160.4074
NA,NA
NA,NA
HN.5.1.1.268.4581_DIP,HN.5.1.1.268.4581
HN.5.1.1.268.4582_DIP,HN.5.1.1.268.4582
NA,NA
HN.5.1.1.142.3982_DIP,HN.5.1.1.142.3982
HN.5.1.1.142.3983_DIP,HN.5.1.1.142.3983
HN.5.1.1.133.3944_DIP,HN.5.1.1.133.3944
HN.5.1.1.133.3945_DIP,HN.5.1.1.133.3945
NA,NA
HN.5.1.1.133.3947_DIP,HN.5.1.1.133.3947
HN.5.1.1.133.3948_DIP,HN.5.1.1.133.3948
HN.5.1.1.133.3949_DIP,HN.5.1.1.133.3949
HN.5.1.1.133.3950_DIP,HN.5.1.1.133.3950
HN.5.1.1.133.3951_DIP,HN.5.1.1.133.3951
HN.5.1.1.133.3952_DIP,HN.5.1.1.133.3952
HN.5.1.1.133.3953_DIP,HN.5.1.1.133.3953
HN.5.1.1.133.3954_DIP,HN.5.1.1.133.3954
NA,NA
NA,NA
HN.5.1.1.133.3957_DIP,HN.5.1.1.133.3957
HN.5.1.1.133.3958_DIP,HN.5.1.1.133.3958
HN.5.1.1.133.3959_DIP,HN.5.1.1.133.3959
NA,NA
HN.5.1.1.133.3961_DIP,HN.5.1.1.133.3961
HN.5.1.1.133.3962_DIP,HN.5.1.1.133.3962
HN.5.1.1.133.3963_DIP,HN.5.1.1.133.3963
HN.5.1.1.133.3964_DIP,HN.5.1.1.133.3964
HN.5.1.1.133.3965_DIP,HN.5.1.1.133.3965
HN.5.1.1.133.3966_DIP,HN.5.1.1.133.3966
HN.5.1.1.133.3967_DIP,HN.5.1.1.133.3967
HN.5.1.1.133.3968_DIP,HN.5.1.1.133.3968
HN.5.1.1.133.3969_DIP,HN.5.1.1.133.3969
HN.5.1.1.133.3970_DIP,HN.5.1.1.133.3970
NA,NA
HN.5.1.1.173.4098_DIP,HN.5.1.1.173.4098
NA,NA
HN.5.1.1.173.4100_DIP,HN.5.1.1.173.4100
HN.5.1.1.173.4101_DIP,HN.5.1.1.173.4101
HN.5.1.1.173.4102_DIP,HN.5.1.1.173.4102
HN.5.1.1.173.4103_DIP,HN.5.1.1.173.4103
NA,NA
HN.5.1.1.173.4105_DIP,HN.5.1.1.173.4105
HN.5.1.1.173.4106_DIP,HN.5.1.1.173.4106
HN.5.1.1.173.4107_DIP,HN.5.1.1.173.4107
HN.5.1.1.173.4108_DIP,HN.5.1.1.173.4108
HN.5.1.1.173.4109_DIP,HN.5.1.1.173.4109
HN.5.1.1.173.4110_DIP,HN.5.1.1.173.4110
HN.5.1.1.284.4629_DIP,HN.5.1.1.284.4629
HN.5.1.1.284.4630_DIP,HN.5.1.1.284.4630
HN.5.1.1.284.4631_DIP,HN.5.1.1.284.4631
HN.5.1.1.284.4632_DIP,HN.5.1.1.284.4632
HN.5.1.1.284.4633_DIP,HN.5.1.1.284.4633
HN.5.1.1.284.4634_DIP,HN.5.1.1.284.4634
NA,NA
HN.5.1.1.284.4636_DIP,HN.5.1.1.284.4636
HN.5.1.1.284.4637_DIP,HN.5.1.1.284.4637
HN.5.1.1.284.4638_DIP,HN.5.1.1.284.4638
HN.5.1.1.284.4639_DIP,HN.5.1.1.284.4639
HN.5.1.1.284.4640_DIP,HN.5.1.1.284.4640
HN.5.1.1.211.4292_DIP,HN.5.1.1.211.4292
NA,NA
HN.5.1.1.211.4294_DIP,HN.5.1.1.211.4294
HN.5.1.1.211.4295_DIP,HN.5.1.1.211.4295
HN.5.1.1.211.4296_DIP,HN.5.1.1.211.4296
NA,NA
HN.5.1.1.211.4298_DIP,HN.5.1.1.211.4298
HN.5.1.1.211.4299_DIP,HN.5.1.1.211.4299
HN.5.1.1.211.4300_DIP,HN.5.1.1.211.4300
HN.5.1.1.211.4301_DIP,HN.5.1.1.211.4301
NA,NA
NA,NA
NA,NA
HN.5.1.1.211.4305_DIP,HN.5.1.1.211.4305
HN.5.1.1.211.4306_DIP,HN.5.1.1.211.4306
HN.5.1.1.211.4307_DIP,HN.5.1.1.211.4307
NA,NA
NA,NA
NA,NA
NA,NA
NA,NA
HN.5.1.1.242.4448_DIP,HN.5.1.1.242.4448
HN.5.1.1.242.4449_DIP,HN.5.1.1.242.4449
HN.5.1.1.242.4450_DIP,HN.5.1.1.242.4450
NA,NA
HN.5.1.1.242.4452_DIP,HN.5.1.1.242.4452
HN.5.1.1.242.4453_DIP,HN.5.1.1.242.4453
HN.5.1.1.242.4454_DIP,HN.5.1.1.242.4454
HN.5.1.1.190.4198_DIP,HN.5.1.1.190.4198
HN.5.1.1.190.4199_DIP,HN.5.1.1.190.4199
HN.5.1.1.190.4200_DIP,HN.5.1.1.190.4200
NA,NA
HN.5.1.1.190.4202_DIP,HN.5.1.1.190.4202
NA,NA
NA,NA
NA,NA
NA,NA
HN.5.1.1.190.4207_DIP,HN.5.1.1.190.4207
HN.5.1.1.190.4208_DIP,HN.5.1.1.190.4208
NA,NA
HN.5.1.1.190.4210_DIP,HN.5.1.1.190.4210
NA,NA
NA,NA
HN.5.1.1.190.4213_DIP,HN.5.1.1.190.4213
HN.5.1.1.190.4214_DIP,HN.5.1.1.190.4214
NA,NA
HN.5.1.1.190.4216_DIP,HN.5.1.1.190.4216
HN.5.1.1.190.4217_DIP,HN.5.1.1.190.4217
HN.5.1.1.190.4218_DIP,HN.5.1.1.190.4218
HN.5.1.1.190.4219_DIP,HN.5.1.1.190.4219
HN.5.1.1.190.4220_DIP,HN.5.1.1.190.4220
HN.5.1.1.190.4221_DIP,HN.5.1.1.190.4221
HN.5.1.1.190.4222_DIP,HN.5.1.1.190.4222
HN.5.1.1.190.4223_DIP,HN.5.1.1.190.4223
HN.5.1.1.190.4224_DIP,HN.5.1.1.190.4224
HN.5.1.1.190.4225_DIP,HN.5.1.1.190.4225
HN.5.1.1.190.4226_DIP,HN.5.1.1.190.4226
HN.5.1.1.190.4227_DIP,HN.5.1.1.190.4227
HN.5.1.1.190.4228_DIP,HN.5.1.1.190.4228
HN.5.1.1.190.4229_DIP,HN.5.1.1.190.4229
HN.5.1.1.233.4402_DIP,HN.5.1.1.233.4402
NA,NA
HN.5.1.1.233.4404_DIP,HN.5.1.1.233.4404
HN.5.1.1.233.4405_DIP,HN.5.1.1.233.4405
HN.5.1.1.233.4406_DIP,HN.5.1.1.233.4406
HN.5.1.1.233.4407_DIP,HN.5.1.1.233.4407
NA,NA
HN.5.1.1.233.4409_DIP,HN.5.1.1.233.4409
HN.5.1.1.233.4410_DIP,HN.5.1.1.233.4410
HN.5.1.1.233.4411_DIP,HN.5.1.1.233.4411
HN.5.1.1.233.4412_DIP,HN.5.1.1.233.4412
HN.5.1.1.233.4413_DIP,HN.5.1.1.233.4413
HN.5.1.1.233.4414_DIP,HN.5.1.1.233.4414
NA,NA
HN.5.1.1.233.4416_DIP,HN.5.1.1.233.4416
NA,NA
HN.5.1.1.233.4418_DIP,HN.5.1.1.233.4418
NA,NA
NA,NA
NA,NA
NA,NA
NA,NA
HN.5.1.1.233.4424_DIP,HN.5.1.1.233.4424
NA,NA
HN.5.1.1.225.4390_DIP,HN.5.1.1.225.4390
NA,NA
HN.5.1.1.225.4392_DIP,HN.5.1.1.225.4392
HN.5.1.1.225.4393_DIP,HN.5.1.1.225.4393
HN.5.1.1.225.4394_DIP,HN.5.1.1.225.4394
HN.5.1.1.225.4395_DIP,HN.5.1.1.225.4395
HN.5.1.1.225.4396_DIP,HN.5.1.1.225.4396
HN.5.1.1.225.4397_DIP,HN.5.1.1.225.4397
HN.5.1.1.225.4398_DIP,HN.5.1.1.225.4398
HN.5.1.1.225.4399_DIP,HN.5.1.1.225.4399
HN.5.1.1.225.4400_DIP,HN.5.1.1.225.4400
HN.5.1.1.225.4401_DIP,HN.5.1.1.225.4401
HN.5.1.1.13.3515_DIP,HN.5.1.1.13.3515
HN.5.1.1.13.3516_DIP,HN.5.1.1.13.3516
HN.5.1.1.13.3517_DIP,HN.5.1.1.13.3517
HN.5.1.1.13.3518_DIP,HN.5.1.1.13.3518
HN.5.1.1.13.3519_DIP,HN.5.1.1.13.3519
NA,NA
NA,NA
HN.5.1.1.13.3522_DIP,HN.5.1.1.13.3522
HN.5.1.1.13.3523_DIP,HN.5.1.1.13.3523
NA,NA
HN.5.1.1.13.3525_DIP,HN.5.1.1.13.3525
NA,NA
NA,NA
NA,NA
HN.5.1.1.105.3848_DIP,HN.5.1.1.105.3848
HN.5.1.1.105.3849_DIP,HN.5.1.1.105.3849
HN.5.1.1.105.3850_DIP,HN.5.1.1.105.3850
HN.5.1.1.105.3851_DIP,HN.5.1.1.105.3851
NA,NA
NA,NA
HN.5.1.1.263.4568_DIP,HN.5.1.1.263.4568
HN.5.1.1.263.4569_DIP,HN.5.1.1.263.4569
HN.5.1.1.263.4570_DIP,HN.5.1.1.263.4570
HN.5.1.1.263.4571_DIP,HN.5.1.1.263.4571
HN.5.1.1.263.4572_DIP,HN.5.1.1.263.4572
NA,NA
HN.5.1.1.263.4574_DIP,HN.5.1.1.263.4574
HN.5.1.1.263.4575_DIP,HN.5.1.1.263.4575
HN.5.1.1.263.4576_DIP,HN.5.1.1.263.4576
HN.5.1.1.263.4577_DIP,HN.5.1.1.263.4577
NA,NA
HN.5.1.1.263.4579_DIP,HN.5.1.1.263.4579
HN.5.1.1.263.4580_DIP,HN.5.1.1.263.4580
HN.5.1.1.95.3825_DIP,HN.5.1.1.95.3825
HN.5.1.1.95.3826_DIP,HN.5.1.1.95.3826
HN.5.1.1.95.3827_DIP,HN.5.1.1.95.3827
HN.5.1.1.95.3828_DIP,HN.5.1.1.95.3828
NA,NA
HN.5.1.1.95.3830_DIP,HN.5.1.1.95.3830
NA,NA
HN.5.1.1.95.3832_DIP,HN.5.1.1.95.3832
HN.5.1.1.95.3833_DIP,HN.5.1.1.95.3833
NA,NA
HN.5.1.1.95.3835_DIP,HN.5.1.1.95.3835
HN.5.1.1.95.3836_DIP,HN.5.1.1.95.3836
NA,NA
NA,NA
NA,NA
HN.5.1.1.16.3547_DIP,HN.5.1.1.16.3547
HN.5.1.1.16.3548_DIP,HN.5.1.1.16.3548
HN.5.1.1.16.3549_DIP,HN.5.1.1.16.3549
NA,NA
HN.5.1.1.16.3551_DIP,HN.5.1.1.16.3551
HN.5.1.1.16.3552_DIP,HN.5.1.1.16.3552
HN.5.1.1.16.3553_DIP,HN.5.1.1.16.3553
HN.5.1.1.16.3554_DIP,HN.5.1.1.16.3554
HN.5.1.1.16.3555_DIP,HN.5.1.1.16.3555
NA,NA
HN.5.1.1.16.3557_DIP,HN.5.1.1.16.3557
HN.5.1.1.16.3558_DIP,HN.5.1.1.16.3558
HN.5.1.1.16.3559_DIP,HN.5.1.1.16.3559
HN.5.1.1.180.4136_DIP,HN.5.1.1.180.4136
HN.5.1.1.180.4137_DIP,HN.5.1.1.180.4137
HN.5.1.1.180.4138_DIP,HN.5.1.1.180.4138
NA,NA
NA,NA
NA,NA
NA,NA
NA,NA
HN.5.1.1.180.4144_DIP,HN.5.1.1.180.4144
NA,NA
NA,NA
NA,NA
HN.5.1.1.180.4148_DIP,HN.5.1.1.180.4148
NA,NA
HN.5.1.1.180.4150_DIP,HN.5.1.1.180.4150
HN.5.1.1.180.4151_DIP,HN.5.1.1.180.4151
NA,NA
HN.5.1.1.180.4153_DIP,HN.5.1.1.180.4153
HN.5.1.1.180.4154_DIP,HN.5.1.1.180.4154
HN.5.1.1.180.4155_DIP,HN.5.1.1.180.4155
HN.5.1.1.302.4692_DIP,HN.5.1.1.302.4692
NA,NA
HN.5.1.1.302.4694_DIP,HN.5.1.1.302.4694
HN.5.1.1.302.4695_DIP,HN.5.1.1.302.4695
HN.5.1.1.302.4696_DIP,HN.5.1.1.302.4696
HN.5.1.1.302.4697_DIP,HN.5.1.1.302.4697
NA,NA
HN.5.1.1.302.4699_DIP,HN.5.1.1.302.4699
HN.5.1.1.302.4700_DIP,HN.5.1.1.302.4700
HN.5.1.1.302.4701_DIP,HN.5.1.1.302.4701
HN.5.1.1.302.4702_DIP,HN.5.1.1.302.4702
NA,NA
HN.5.1.1.184.4157_DIP,HN.5.1.1.184.4157
HN.5.1.1.184.4158_DIP,HN.5.1.1.184.4158
NA,NA
NA,NA
HN.5.1.1.184.4161_DIP,HN.5.1.1.184.4161
HN.5.1.1.184.4162_DIP,HN.5.1.1.184.4162
HN.5.1.1.184.4163_DIP,HN.5.1.1.184.4163
NA,NA
HN.5.1.1.184.4165_DIP,HN.5.1.1.184.4165
NA,NA
HN.5.1.1.184.4167_DIP,HN.5.1.1.184.4167
HN.5.1.1.184.4168_DIP,HN.5.1.1.184.4168
HN.5.1.1.184.4169_DIP,HN.5.1.1.184.4169
HN.5.1.1.59.3702_DIP,HN.5.1.1.59.3702
HN.5.1.1.59.3703_DIP,HN.5.1.1.59.3703
NA,NA
HN.5.1.1.59.3705_DIP,HN.5.1.1.59.3705
HN.5.1.1.59.3706_DIP,HN.5.1.1.59.3706
HN.5.1.1.59.3707_DIP,HN.5.1.1.59.3707
NA,NA
HN.5.1.1.59.3709_DIP,HN.5.1.1.59.3709
HN.5.1.1.59.3710_DIP,HN.5.1.1.59.3710
NA,NA
HN.5.1.1.335.4822_DIP,HN.5.1.1.335.4822
HN.5.1.1.335.4823_DIP,HN.5.1.1.335.4823
NA,NA
NA,NA
HN.5.1.1.335.4826_DIP,HN.5.1.1.335.4826
HN.5.1.1.335.4827_DIP,HN.5.1.1.335.4827
HN.5.1.1.335.4828_DIP,HN.5.1.1.335.4828
HN.5.1.1.28.3584_DIP,HN.5.1.1.28.3584
HN.5.1.1.28.3585_DIP,HN.5.1.1.28.3585
NA,NA
HN.5.1.1.28.3587_DIP,HN.5.1.1.28.3587
HN.5.1.1.28.3588_DIP,HN.5.1.1.28.3588
HN.5.1.1.257.4546_DIP,HN.5.1.1.257.4546
HN.5.1.1.257.4547_DIP,HN.5.1.1.257.4547
HN.5.1.1.5.3466_DIP,HN.5.1.1.5.3466
HN.5.1.1.5.3467_DIP,HN.5.1.1.5.3467
HN.5.1.1.5.3468_DIP,HN.5.1.1.5.3468
HN.5.1.1.5.3469_DIP,HN.5.1.1.5.3469
HN.5.1.1.5.3470_DIP,HN.5.1.1.5.3470
HN.5.1.1.5.3471_DIP,HN.5.1.1.5.3471
HN.5.1.1.5.3472_DIP,HN.5.1.1.5.3472
HN.5.1.1.5.3473_DIP,HN.5.1.1.5.3473
HN.5.1.1.5.3474_DIP,HN.5.1.1.5.3474
NA,NA
HN.5.1.1.5.3476_DIP,HN.5.1.1.5.3476
NA,NA
NA,NA
NA,NA
HN.5.1.1.328.4806_DIP,HN.5.1.1.328.4806
NA,NA
HN.5.1.1.301.4691_DIP,HN.5.1.1.301.4691
HN.5.1.1.107.3854_DIP,HN.5.1.1.107.3854
HN.5.1.1.107.3855_DIP,HN.5.1.1.107.3855
HN.5.1.1.107.3856_DIP,HN.5.1.1.107.3856
HN.5.1.1.107.3857_DIP,HN.5.1.1.107.3857
HN.5.1.1.107.3858_DIP,HN.5.1.1.107.3858
NA,NA
HN.5.1.1.323.4788_DIP,HN.5.1.1.323.4788
HN.5.1.1.323.4789_DIP,HN.5.1.1.323.4789
NA,NA
HN.5.1.1.323.4791_DIP,HN.5.1.1.323.4791
HN.5.1.1.323.4792_DIP,HN.5.1.1.323.4792
HN.5.1.1.323.4793_DIP,HN.5.1.1.323.4793
HN.5.1.1.323.4794_DIP,HN.5.1.1.323.4794
HN.5.1.1.323.4795_DIP,HN.5.1.1.323.4795
HN.5.1.1.323.4796_DIP,HN.5.1.1.323.4796
HN.5.1.1.323.4797_DIP,HN.5.1.1.323.4797
HN.5.1.1.323.4798_DIP,HN.5.1.1.323.4798
NA,NA
HN.5.1.1.323.4800_DIP,HN.5.1.1.323.4800
HN.5.1.1.323.4801_DIP,HN.5.1.1.323.4801
NA,NA
HN.5.1.1.313.4780_DIP,HN.5.1.1.313.4780
HN.5.1.1.313.4781_DIP,HN.5.1.1.313.4781
HN.5.1.1.313.4782_DIP,HN.5.1.1.313.4782
NA,NA
NA,NA
NA,NA
HN.5.1.1.197.4259_DIP,HN.5.1.1.197.4259
HN.5.1.1.197.4260_DIP,HN.5.1.1.197.4260
HN.5.1.1.197.4261_DIP,HN.5.1.1.197.4261
HN.5.1.1.299.4681_DIP,HN.5.1.1.299.4681
HN.5.1.1.299.4682_DIP,HN.5.1.1.299.4682
HN.5.1.1.299.4683_DIP,HN.5.1.1.299.4683
NA,NA
HN.5.1.1.299.4685_DIP,HN.5.1.1.299.4685
HN.5.1.1.299.4686_DIP,HN.5.1.1.299.4686
HN.5.1.1.299.4687_DIP,HN.5.1.1.299.4687
HN.5.1.1.299.4688_DIP,HN.5.1.1.299.4688
HN.5.1.1.299.4689_DIP,HN.5.1.1.299.4689
NA,NA
HN.5.1.1.309.4722_DIP,HN.5.1.1.309.4722
NA,NA
HN.5.1.1.309.4724_DIP,HN.5.1.1.309.4724
HN.5.1.1.309.4725_DIP,HN.5.1.1.309.4725
HN.5.1.1.334.4821_DIP,HN.5.1.1.334.4821
NA,NA
HN.5.1.1.320.4786_DIP,HN.5.1.1.320.4786
HN.5.1.1.320.4787_DIP,HN.5.1.1.320.4787
HN.5.1.1.308.4718_DIP,HN.5.1.1.308.4718
HN.5.1.1.308.4719_DIP,HN.5.1.1.308.4719
HN.5.1.1.308.4720_DIP,HN.5.1.1.308.4720
NA,NA
HN.5.1.1.248.4456_DIP,HN.5.1.1.248.4456
NA,NA
HN.5.1.1.248.4458_DIP,HN.5.1.1.248.4458
HN.5.1.1.248.4459_DIP,HN.5.1.1.248.4459
HN.5.1.1.248.4460_DIP,HN.5.1.1.248.4460
NA,NA
HN.5.1.1.37.3609_DIP,HN.5.1.1.37.3609
NA,NA
HN.5.1.1.37.3611_DIP,HN.5.1.1.37.3611
NA,NA
NA,NA
HN.5.1.1.37.3614_DIP,HN.5.1.1.37.3614
HN.5.1.1.37.3615_DIP,HN.5.1.1.37.3615
NA,NA
HN.5.1.1.37.3617_DIP,HN.5.1.1.37.3617
HN.5.1.1.37.3618_DIP,HN.5.1.1.37.3618
